Country Name,Country Code,Series Name,Series Code,2012 [YR2012]
Afghanistan,AFG,"CPIA transparency, accountability, and corruption in the public sector rating (1=low to 6=high)",IQ.CPA.TRAN.XQ,2
Albania,ALB,"CPIA transparency, accountability, and corruption in the public sector rating (1=low to 6=high)",IQ.CPA.TRAN.XQ,..
Algeria,DZA,"CPIA transparency, accountability, and corruption in the public sector rating (1=low to 6=high)",IQ.CPA.TRAN.XQ,..
American Samoa,ASM,"CPIA transparency, accountability, and corruption in the public sector rating (1=low to 6=high)",IQ.CPA.TRAN.XQ,..
Andorra,AND,"CPIA transparency, accountability, and corruption in the public sector rating (1=low to 6=high)",IQ.CPA.TRAN.XQ,..
Angola,AGO,"CPIA transparency, accountability, and corruption in the public sector rating (1=low to 6=high)",IQ.CPA.TRAN.XQ,2.5
Antigua and Barbuda,ATG,"CPIA transparency, accountability, and corruption in the public sector rating (1=low to 6=high)",IQ.CPA.TRAN.XQ,..
Argentina,ARG,"CPIA transparency, accountability, and corruption in the public sector rating (1=low to 6=high)",IQ.CPA.TRAN.XQ,..
Armenia,ARM,"CPIA transparency, accountability, and corruption in the public sector rating (1=low to 6=high)",IQ.CPA.TRAN.XQ,3.5
Aruba,ABW,"CPIA transparency, accountability, and corruption in the public sector rating (1=low to 6=high)",IQ.CPA.TRAN.XQ,..
Australia,AUS,"CPIA transparency, accountability, and corruption in the public sector rating (1=low to 6=high)",IQ.CPA.TRAN.XQ,..
Austria,AUT,"CPIA transparency, accountability, and corruption in the public sector rating (1=low to 6=high)",IQ.CPA.TRAN.XQ,..
Azerbaijan,AZE,"CPIA transparency, accountability, and corruption in the public sector rating (1=low to 6=high)",IQ.CPA.TRAN.XQ,..
"Bahamas, The",BHS,"CPIA transparency, accountability, and corruption in the public sector rating (1=low to 6=high)",IQ.CPA.TRAN.XQ,..
Bahrain,BHR,"CPIA transparency, accountability, and corruption in the public sector rating (1=low to 6=high)",IQ.CPA.TRAN.XQ,..
Bangladesh,BGD,"CPIA transparency, accountability, and corruption in the public sector rating (1=low to 6=high)",IQ.CPA.TRAN.XQ,2.5
Barbados,BRB,"CPIA transparency, accountability, and corruption in the public sector rating (1=low to 6=high)",IQ.CPA.TRAN.XQ,..
Belarus,BLR,"CPIA transparency, accountability, and corruption in the public sector rating (1=low to 6=high)",IQ.CPA.TRAN.XQ,..
Belgium,BEL,"CPIA transparency, accountability, and corruption in the public sector rating (1=low to 6=high)",IQ.CPA.TRAN.XQ,..
Belize,BLZ,"CPIA transparency, accountability, and corruption in the public sector rating (1=low to 6=high)",IQ.CPA.TRAN.XQ,..
Benin,BEN,"CPIA transparency, accountability, and corruption in the public sector rating (1=low to 6=high)",IQ.CPA.TRAN.XQ,3.5
Bermuda,BMU,"CPIA transparency, accountability, and corruption in the public sector rating (1=low to 6=high)",IQ.CPA.TRAN.XQ,..
Bhutan,BTN,"CPIA transparency, accountability, and corruption in the public sector rating (1=low to 6=high)",IQ.CPA.TRAN.XQ,4.5
Bolivia,BOL,"CPIA transparency, accountability, and corruption in the public sector rating (1=low to 6=high)",IQ.CPA.TRAN.XQ,3.5
Bosnia and Herzegovina,BIH,"CPIA transparency, accountability, and corruption in the public sector rating (1=low to 6=high)",IQ.CPA.TRAN.XQ,3
Botswana,BWA,"CPIA transparency, accountability, and corruption in the public sector rating (1=low to 6=high)",IQ.CPA.TRAN.XQ,..
Brazil,BRA,"CPIA transparency, accountability, and corruption in the public sector rating (1=low to 6=high)",IQ.CPA.TRAN.XQ,..
British Virgin Islands,VGB,"CPIA transparency, accountability, and corruption in the public sector rating (1=low to 6=high)",IQ.CPA.TRAN.XQ,..
Brunei Darussalam,BRN,"CPIA transparency, accountability, and corruption in the public sector rating (1=low to 6=high)",IQ.CPA.TRAN.XQ,..
Bulgaria,BGR,"CPIA transparency, accountability, and corruption in the public sector rating (1=low to 6=high)",IQ.CPA.TRAN.XQ,..
Burkina Faso,BFA,"CPIA transparency, accountability, and corruption in the public sector rating (1=low to 6=high)",IQ.CPA.TRAN.XQ,3.5
Burundi,BDI,"CPIA transparency, accountability, and corruption in the public sector rating (1=low to 6=high)",IQ.CPA.TRAN.XQ,2
Cabo Verde,CPV,"CPIA transparency, accountability, and corruption in the public sector rating (1=low to 6=high)",IQ.CPA.TRAN.XQ,4.5
Cambodia,KHM,"CPIA transparency, accountability, and corruption in the public sector rating (1=low to 6=high)",IQ.CPA.TRAN.XQ,2
Cameroon,CMR,"CPIA transparency, accountability, and corruption in the public sector rating (1=low to 6=high)",IQ.CPA.TRAN.XQ,2.5
Canada,CAN,"CPIA transparency, accountability, and corruption in the public sector rating (1=low to 6=high)",IQ.CPA.TRAN.XQ,..
Cayman Islands,CYM,"CPIA transparency, accountability, and corruption in the public sector rating (1=low to 6=high)",IQ.CPA.TRAN.XQ,..
Central African Republic,CAF,"CPIA transparency, accountability, and corruption in the public sector rating (1=low to 6=high)",IQ.CPA.TRAN.XQ,2.5
Chad,TCD,"CPIA transparency, accountability, and corruption in the public sector rating (1=low to 6=high)",IQ.CPA.TRAN.XQ,2
Channel Islands,CHI,"CPIA transparency, accountability, and corruption in the public sector rating (1=low to 6=high)",IQ.CPA.TRAN.XQ,..
Chile,CHL,"CPIA transparency, accountability, and corruption in the public sector rating (1=low to 6=high)",IQ.CPA.TRAN.XQ,..
China,CHN,"CPIA transparency, accountability, and corruption in the public sector rating (1=low to 6=high)",IQ.CPA.TRAN.XQ,..
Colombia,COL,"CPIA transparency, accountability, and corruption in the public sector rating (1=low to 6=high)",IQ.CPA.TRAN.XQ,..
Comoros,COM,"CPIA transparency, accountability, and corruption in the public sector rating (1=low to 6=high)",IQ.CPA.TRAN.XQ,2.5
"Congo, Dem. Rep.",COD,"CPIA transparency, accountability, and corruption in the public sector rating (1=low to 6=high)",IQ.CPA.TRAN.XQ,2
"Congo, Rep.",COG,"CPIA transparency, accountability, and corruption in the public sector rating (1=low to 6=high)",IQ.CPA.TRAN.XQ,2
Costa Rica,CRI,"CPIA transparency, accountability, and corruption in the public sector rating (1=low to 6=high)",IQ.CPA.TRAN.XQ,..
Cote d'Ivoire,CIV,"CPIA transparency, accountability, and corruption in the public sector rating (1=low to 6=high)",IQ.CPA.TRAN.XQ,2.5
Croatia,HRV,"CPIA transparency, accountability, and corruption in the public sector rating (1=low to 6=high)",IQ.CPA.TRAN.XQ,..
Cuba,CUB,"CPIA transparency, accountability, and corruption in the public sector rating (1=low to 6=high)",IQ.CPA.TRAN.XQ,..
Curacao,CUW,"CPIA transparency, accountability, and corruption in the public sector rating (1=low to 6=high)",IQ.CPA.TRAN.XQ,..
Cyprus,CYP,"CPIA transparency, accountability, and corruption in the public sector rating (1=low to 6=high)",IQ.CPA.TRAN.XQ,..
Czech Republic,CZE,"CPIA transparency, accountability, and corruption in the public sector rating (1=low to 6=high)",IQ.CPA.TRAN.XQ,..
Denmark,DNK,"CPIA transparency, accountability, and corruption in the public sector rating (1=low to 6=high)",IQ.CPA.TRAN.XQ,..
Djibouti,DJI,"CPIA transparency, accountability, and corruption in the public sector rating (1=low to 6=high)",IQ.CPA.TRAN.XQ,2.5
Dominica,DMA,"CPIA transparency, accountability, and corruption in the public sector rating (1=low to 6=high)",IQ.CPA.TRAN.XQ,4
Dominican Republic,DOM,"CPIA transparency, accountability, and corruption in the public sector rating (1=low to 6=high)",IQ.CPA.TRAN.XQ,..
Ecuador,ECU,"CPIA transparency, accountability, and corruption in the public sector rating (1=low to 6=high)",IQ.CPA.TRAN.XQ,..
"Egypt, Arab Rep.",EGY,"CPIA transparency, accountability, and corruption in the public sector rating (1=low to 6=high)",IQ.CPA.TRAN.XQ,..
El Salvador,SLV,"CPIA transparency, accountability, and corruption in the public sector rating (1=low to 6=high)",IQ.CPA.TRAN.XQ,..
Equatorial Guinea,GNQ,"CPIA transparency, accountability, and corruption in the public sector rating (1=low to 6=high)",IQ.CPA.TRAN.XQ,..
Eritrea,ERI,"CPIA transparency, accountability, and corruption in the public sector rating (1=low to 6=high)",IQ.CPA.TRAN.XQ,2
Estonia,EST,"CPIA transparency, accountability, and corruption in the public sector rating (1=low to 6=high)",IQ.CPA.TRAN.XQ,..
Eswatini,SWZ,"CPIA transparency, accountability, and corruption in the public sector rating (1=low to 6=high)",IQ.CPA.TRAN.XQ,..
Ethiopia,ETH,"CPIA transparency, accountability, and corruption in the public sector rating (1=low to 6=high)",IQ.CPA.TRAN.XQ,3
Faroe Islands,FRO,"CPIA transparency, accountability, and corruption in the public sector rating (1=low to 6=high)",IQ.CPA.TRAN.XQ,..
Fiji,FJI,"CPIA transparency, accountability, and corruption in the public sector rating (1=low to 6=high)",IQ.CPA.TRAN.XQ,..
Finland,FIN,"CPIA transparency, accountability, and corruption in the public sector rating (1=low to 6=high)",IQ.CPA.TRAN.XQ,..
France,FRA,"CPIA transparency, accountability, and corruption in the public sector rating (1=low to 6=high)",IQ.CPA.TRAN.XQ,..
French Polynesia,PYF,"CPIA transparency, accountability, and corruption in the public sector rating (1=low to 6=high)",IQ.CPA.TRAN.XQ,..
Gabon,GAB,"CPIA transparency, accountability, and corruption in the public sector rating (1=low to 6=high)",IQ.CPA.TRAN.XQ,..
"Gambia, The",GMB,"CPIA transparency, accountability, and corruption in the public sector rating (1=low to 6=high)",IQ.CPA.TRAN.XQ,2
Georgia,GEO,"CPIA transparency, accountability, and corruption in the public sector rating (1=low to 6=high)",IQ.CPA.TRAN.XQ,3.5
Germany,DEU,"CPIA transparency, accountability, and corruption in the public sector rating (1=low to 6=high)",IQ.CPA.TRAN.XQ,..
Ghana,GHA,"CPIA transparency, accountability, and corruption in the public sector rating (1=low to 6=high)",IQ.CPA.TRAN.XQ,4
Gibraltar,GIB,"CPIA transparency, accountability, and corruption in the public sector rating (1=low to 6=high)",IQ.CPA.TRAN.XQ,..
Greece,GRC,"CPIA transparency, accountability, and corruption in the public sector rating (1=low to 6=high)",IQ.CPA.TRAN.XQ,..
Greenland,GRL,"CPIA transparency, accountability, and corruption in the public sector rating (1=low to 6=high)",IQ.CPA.TRAN.XQ,..
Grenada,GRD,"CPIA transparency, accountability, and corruption in the public sector rating (1=low to 6=high)",IQ.CPA.TRAN.XQ,4
Guam,GUM,"CPIA transparency, accountability, and corruption in the public sector rating (1=low to 6=high)",IQ.CPA.TRAN.XQ,..
Guatemala,GTM,"CPIA transparency, accountability, and corruption in the public sector rating (1=low to 6=high)",IQ.CPA.TRAN.XQ,..
Guinea,GIN,"CPIA transparency, accountability, and corruption in the public sector rating (1=low to 6=high)",IQ.CPA.TRAN.XQ,2
Guinea-Bissau,GNB,"CPIA transparency, accountability, and corruption in the public sector rating (1=low to 6=high)",IQ.CPA.TRAN.XQ,2
Guyana,GUY,"CPIA transparency, accountability, and corruption in the public sector rating (1=low to 6=high)",IQ.CPA.TRAN.XQ,2.5
Haiti,HTI,"CPIA transparency, accountability, and corruption in the public sector rating (1=low to 6=high)",IQ.CPA.TRAN.XQ,2.5
Honduras,HND,"CPIA transparency, accountability, and corruption in the public sector rating (1=low to 6=high)",IQ.CPA.TRAN.XQ,3
"Hong Kong SAR, China",HKG,"CPIA transparency, accountability, and corruption in the public sector rating (1=low to 6=high)",IQ.CPA.TRAN.XQ,..
Hungary,HUN,"CPIA transparency, accountability, and corruption in the public sector rating (1=low to 6=high)",IQ.CPA.TRAN.XQ,..
Iceland,ISL,"CPIA transparency, accountability, and corruption in the public sector rating (1=low to 6=high)",IQ.CPA.TRAN.XQ,..
India,IND,"CPIA transparency, accountability, and corruption in the public sector rating (1=low to 6=high)",IQ.CPA.TRAN.XQ,3.5
Indonesia,IDN,"CPIA transparency, accountability, and corruption in the public sector rating (1=low to 6=high)",IQ.CPA.TRAN.XQ,..
"Iran, Islamic Rep.",IRN,"CPIA transparency, accountability, and corruption in the public sector rating (1=low to 6=high)",IQ.CPA.TRAN.XQ,..
Iraq,IRQ,"CPIA transparency, accountability, and corruption in the public sector rating (1=low to 6=high)",IQ.CPA.TRAN.XQ,..
Ireland,IRL,"CPIA transparency, accountability, and corruption in the public sector rating (1=low to 6=high)",IQ.CPA.TRAN.XQ,..
Isle of Man,IMN,"CPIA transparency, accountability, and corruption in the public sector rating (1=low to 6=high)",IQ.CPA.TRAN.XQ,..
Israel,ISR,"CPIA transparency, accountability, and corruption in the public sector rating (1=low to 6=high)",IQ.CPA.TRAN.XQ,..
Italy,ITA,"CPIA transparency, accountability, and corruption in the public sector rating (1=low to 6=high)",IQ.CPA.TRAN.XQ,..
Jamaica,JAM,"CPIA transparency, accountability, and corruption in the public sector rating (1=low to 6=high)",IQ.CPA.TRAN.XQ,..
Japan,JPN,"CPIA transparency, accountability, and corruption in the public sector rating (1=low to 6=high)",IQ.CPA.TRAN.XQ,..
Jordan,JOR,"CPIA transparency, accountability, and corruption in the public sector rating (1=low to 6=high)",IQ.CPA.TRAN.XQ,..
Kazakhstan,KAZ,"CPIA transparency, accountability, and corruption in the public sector rating (1=low to 6=high)",IQ.CPA.TRAN.XQ,..
Kenya,KEN,"CPIA transparency, accountability, and corruption in the public sector rating (1=low to 6=high)",IQ.CPA.TRAN.XQ,3
Kiribati,KIR,"CPIA transparency, accountability, and corruption in the public sector rating (1=low to 6=high)",IQ.CPA.TRAN.XQ,3.5
"Korea, Dem. People’s Rep.",PRK,"CPIA transparency, accountability, and corruption in the public sector rating (1=low to 6=high)",IQ.CPA.TRAN.XQ,..
"Korea, Rep.",KOR,"CPIA transparency, accountability, and corruption in the public sector rating (1=low to 6=high)",IQ.CPA.TRAN.XQ,..
Kosovo,XKX,"CPIA transparency, accountability, and corruption in the public sector rating (1=low to 6=high)",IQ.CPA.TRAN.XQ,3
Kuwait,KWT,"CPIA transparency, accountability, and corruption in the public sector rating (1=low to 6=high)",IQ.CPA.TRAN.XQ,..
Kyrgyz Republic,KGZ,"CPIA transparency, accountability, and corruption in the public sector rating (1=low to 6=high)",IQ.CPA.TRAN.XQ,3
Lao PDR,LAO,"CPIA transparency, accountability, and corruption in the public sector rating (1=low to 6=high)",IQ.CPA.TRAN.XQ,2.5
Latvia,LVA,"CPIA transparency, accountability, and corruption in the public sector rating (1=low to 6=high)",IQ.CPA.TRAN.XQ,..
Lebanon,LBN,"CPIA transparency, accountability, and corruption in the public sector rating (1=low to 6=high)",IQ.CPA.TRAN.XQ,..
Lesotho,LSO,"CPIA transparency, accountability, and corruption in the public sector rating (1=low to 6=high)",IQ.CPA.TRAN.XQ,3.5
Liberia,LBR,"CPIA transparency, accountability, and corruption in the public sector rating (1=low to 6=high)",IQ.CPA.TRAN.XQ,3
Libya,LBY,"CPIA transparency, accountability, and corruption in the public sector rating (1=low to 6=high)",IQ.CPA.TRAN.XQ,..
Liechtenstein,LIE,"CPIA transparency, accountability, and corruption in the public sector rating (1=low to 6=high)",IQ.CPA.TRAN.XQ,..
Lithuania,LTU,"CPIA transparency, accountability, and corruption in the public sector rating (1=low to 6=high)",IQ.CPA.TRAN.XQ,..
Luxembourg,LUX,"CPIA transparency, accountability, and corruption in the public sector rating (1=low to 6=high)",IQ.CPA.TRAN.XQ,..
"Macao SAR, China",MAC,"CPIA transparency, accountability, and corruption in the public sector rating (1=low to 6=high)",IQ.CPA.TRAN.XQ,..
Madagascar,MDG,"CPIA transparency, accountability, and corruption in the public sector rating (1=low to 6=high)",IQ.CPA.TRAN.XQ,2.5
Malawi,MWI,"CPIA transparency, accountability, and corruption in the public sector rating (1=low to 6=high)",IQ.CPA.TRAN.XQ,3
Malaysia,MYS,"CPIA transparency, accountability, and corruption in the public sector rating (1=low to 6=high)",IQ.CPA.TRAN.XQ,..
Maldives,MDV,"CPIA transparency, accountability, and corruption in the public sector rating (1=low to 6=high)",IQ.CPA.TRAN.XQ,3
Mali,MLI,"CPIA transparency, accountability, and corruption in the public sector rating (1=low to 6=high)",IQ.CPA.TRAN.XQ,3
Malta,MLT,"CPIA transparency, accountability, and corruption in the public sector rating (1=low to 6=high)",IQ.CPA.TRAN.XQ,..
Marshall Islands,MHL,"CPIA transparency, accountability, and corruption in the public sector rating (1=low to 6=high)",IQ.CPA.TRAN.XQ,3.5
Mauritania,MRT,"CPIA transparency, accountability, and corruption in the public sector rating (1=low to 6=high)",IQ.CPA.TRAN.XQ,2.5
Mauritius,MUS,"CPIA transparency, accountability, and corruption in the public sector rating (1=low to 6=high)",IQ.CPA.TRAN.XQ,..
Mexico,MEX,"CPIA transparency, accountability, and corruption in the public sector rating (1=low to 6=high)",IQ.CPA.TRAN.XQ,..
"Micronesia, Fed. Sts.",FSM,"CPIA transparency, accountability, and corruption in the public sector rating (1=low to 6=high)",IQ.CPA.TRAN.XQ,3.5
Moldova,MDA,"CPIA transparency, accountability, and corruption in the public sector rating (1=low to 6=high)",IQ.CPA.TRAN.XQ,3.5
Monaco,MCO,"CPIA transparency, accountability, and corruption in the public sector rating (1=low to 6=high)",IQ.CPA.TRAN.XQ,..
Mongolia,MNG,"CPIA transparency, accountability, and corruption in the public sector rating (1=low to 6=high)",IQ.CPA.TRAN.XQ,3.5
Montenegro,MNE,"CPIA transparency, accountability, and corruption in the public sector rating (1=low to 6=high)",IQ.CPA.TRAN.XQ,..
Morocco,MAR,"CPIA transparency, accountability, and corruption in the public sector rating (1=low to 6=high)",IQ.CPA.TRAN.XQ,..
Mozambique,MOZ,"CPIA transparency, accountability, and corruption in the public sector rating (1=low to 6=high)",IQ.CPA.TRAN.XQ,3
Myanmar,MMR,"CPIA transparency, accountability, and corruption in the public sector rating (1=low to 6=high)",IQ.CPA.TRAN.XQ,..
Namibia,NAM,"CPIA transparency, accountability, and corruption in the public sector rating (1=low to 6=high)",IQ.CPA.TRAN.XQ,..
Nauru,NRU,"CPIA transparency, accountability, and corruption in the public sector rating (1=low to 6=high)",IQ.CPA.TRAN.XQ,..
Nepal,NPL,"CPIA transparency, accountability, and corruption in the public sector rating (1=low to 6=high)",IQ.CPA.TRAN.XQ,3
Netherlands,NLD,"CPIA transparency, accountability, and corruption in the public sector rating (1=low to 6=high)",IQ.CPA.TRAN.XQ,..
New Caledonia,NCL,"CPIA transparency, accountability, and corruption in the public sector rating (1=low to 6=high)",IQ.CPA.TRAN.XQ,..
New Zealand,NZL,"CPIA transparency, accountability, and corruption in the public sector rating (1=low to 6=high)",IQ.CPA.TRAN.XQ,..
Nicaragua,NIC,"CPIA transparency, accountability, and corruption in the public sector rating (1=low to 6=high)",IQ.CPA.TRAN.XQ,2.5
Niger,NER,"CPIA transparency, accountability, and corruption in the public sector rating (1=low to 6=high)",IQ.CPA.TRAN.XQ,3
Nigeria,NGA,"CPIA transparency, accountability, and corruption in the public sector rating (1=low to 6=high)",IQ.CPA.TRAN.XQ,3
North Macedonia,MKD,"CPIA transparency, accountability, and corruption in the public sector rating (1=low to 6=high)",IQ.CPA.TRAN.XQ,..
Northern Mariana Islands,MNP,"CPIA transparency, accountability, and corruption in the public sector rating (1=low to 6=high)",IQ.CPA.TRAN.XQ,..
Norway,NOR,"CPIA transparency, accountability, and corruption in the public sector rating (1=low to 6=high)",IQ.CPA.TRAN.XQ,..
Oman,OMN,"CPIA transparency, accountability, and corruption in the public sector rating (1=low to 6=high)",IQ.CPA.TRAN.XQ,..
Pakistan,PAK,"CPIA transparency, accountability, and corruption in the public sector rating (1=low to 6=high)",IQ.CPA.TRAN.XQ,2.5
Palau,PLW,"CPIA transparency, accountability, and corruption in the public sector rating (1=low to 6=high)",IQ.CPA.TRAN.XQ,..
Panama,PAN,"CPIA transparency, accountability, and corruption in the public sector rating (1=low to 6=high)",IQ.CPA.TRAN.XQ,..
Papua New Guinea,PNG,"CPIA transparency, accountability, and corruption in the public sector rating (1=low to 6=high)",IQ.CPA.TRAN.XQ,3
Paraguay,PRY,"CPIA transparency, accountability, and corruption in the public sector rating (1=low to 6=high)",IQ.CPA.TRAN.XQ,..
Peru,PER,"CPIA transparency, accountability, and corruption in the public sector rating (1=low to 6=high)",IQ.CPA.TRAN.XQ,..
Philippines,PHL,"CPIA transparency, accountability, and corruption in the public sector rating (1=low to 6=high)",IQ.CPA.TRAN.XQ,..
Poland,POL,"CPIA transparency, accountability, and corruption in the public sector rating (1=low to 6=high)",IQ.CPA.TRAN.XQ,..
Portugal,PRT,"CPIA transparency, accountability, and corruption in the public sector rating (1=low to 6=high)",IQ.CPA.TRAN.XQ,..
Puerto Rico,PRI,"CPIA transparency, accountability, and corruption in the public sector rating (1=low to 6=high)",IQ.CPA.TRAN.XQ,..
Qatar,QAT,"CPIA transparency, accountability, and corruption in the public sector rating (1=low to 6=high)",IQ.CPA.TRAN.XQ,..
Romania,ROU,"CPIA transparency, accountability, and corruption in the public sector rating (1=low to 6=high)",IQ.CPA.TRAN.XQ,..
Russian Federation,RUS,"CPIA transparency, accountability, and corruption in the public sector rating (1=low to 6=high)",IQ.CPA.TRAN.XQ,..
Rwanda,RWA,"CPIA transparency, accountability, and corruption in the public sector rating (1=low to 6=high)",IQ.CPA.TRAN.XQ,3.5
Samoa,WSM,"CPIA transparency, accountability, and corruption in the public sector rating (1=low to 6=high)",IQ.CPA.TRAN.XQ,4
San Marino,SMR,"CPIA transparency, accountability, and corruption in the public sector rating (1=low to 6=high)",IQ.CPA.TRAN.XQ,..
Sao Tome and Principe,STP,"CPIA transparency, accountability, and corruption in the public sector rating (1=low to 6=high)",IQ.CPA.TRAN.XQ,3.5
Saudi Arabia,SAU,"CPIA transparency, accountability, and corruption in the public sector rating (1=low to 6=high)",IQ.CPA.TRAN.XQ,..
Senegal,SEN,"CPIA transparency, accountability, and corruption in the public sector rating (1=low to 6=high)",IQ.CPA.TRAN.XQ,3.5
Serbia,SRB,"CPIA transparency, accountability, and corruption in the public sector rating (1=low to 6=high)",IQ.CPA.TRAN.XQ,..
Seychelles,SYC,"CPIA transparency, accountability, and corruption in the public sector rating (1=low to 6=high)",IQ.CPA.TRAN.XQ,..
Sierra Leone,SLE,"CPIA transparency, accountability, and corruption in the public sector rating (1=low to 6=high)",IQ.CPA.TRAN.XQ,3
Singapore,SGP,"CPIA transparency, accountability, and corruption in the public sector rating (1=low to 6=high)",IQ.CPA.TRAN.XQ,..
Sint Maarten (Dutch part),SXM,"CPIA transparency, accountability, and corruption in the public sector rating (1=low to 6=high)",IQ.CPA.TRAN.XQ,..
Slovak Republic,SVK,"CPIA transparency, accountability, and corruption in the public sector rating (1=low to 6=high)",IQ.CPA.TRAN.XQ,..
Slovenia,SVN,"CPIA transparency, accountability, and corruption in the public sector rating (1=low to 6=high)",IQ.CPA.TRAN.XQ,..
Solomon Islands,SLB,"CPIA transparency, accountability, and corruption in the public sector rating (1=low to 6=high)",IQ.CPA.TRAN.XQ,3
Somalia,SOM,"CPIA transparency, accountability, and corruption in the public sector rating (1=low to 6=high)",IQ.CPA.TRAN.XQ,..
South Africa,ZAF,"CPIA transparency, accountability, and corruption in the public sector rating (1=low to 6=high)",IQ.CPA.TRAN.XQ,..
South Sudan,SSD,"CPIA transparency, accountability, and corruption in the public sector rating (1=low to 6=high)",IQ.CPA.TRAN.XQ,2
Spain,ESP,"CPIA transparency, accountability, and corruption in the public sector rating (1=low to 6=high)",IQ.CPA.TRAN.XQ,..
Sri Lanka,LKA,"CPIA transparency, accountability, and corruption in the public sector rating (1=low to 6=high)",IQ.CPA.TRAN.XQ,3
St. Kitts and Nevis,KNA,"CPIA transparency, accountability, and corruption in the public sector rating (1=low to 6=high)",IQ.CPA.TRAN.XQ,..
St. Lucia,LCA,"CPIA transparency, accountability, and corruption in the public sector rating (1=low to 6=high)",IQ.CPA.TRAN.XQ,4.5
St. Martin (French part),MAF,"CPIA transparency, accountability, and corruption in the public sector rating (1=low to 6=high)",IQ.CPA.TRAN.XQ,..
St. Vincent and the Grenadines,VCT,"CPIA transparency, accountability, and corruption in the public sector rating (1=low to 6=high)",IQ.CPA.TRAN.XQ,4
Sudan,SDN,"CPIA transparency, accountability, and corruption in the public sector rating (1=low to 6=high)",IQ.CPA.TRAN.XQ,1.5
Suriname,SUR,"CPIA transparency, accountability, and corruption in the public sector rating (1=low to 6=high)",IQ.CPA.TRAN.XQ,..
Sweden,SWE,"CPIA transparency, accountability, and corruption in the public sector rating (1=low to 6=high)",IQ.CPA.TRAN.XQ,..
Switzerland,CHE,"CPIA transparency, accountability, and corruption in the public sector rating (1=low to 6=high)",IQ.CPA.TRAN.XQ,..
Syrian Arab Republic,SYR,"CPIA transparency, accountability, and corruption in the public sector rating (1=low to 6=high)",IQ.CPA.TRAN.XQ,..
Tajikistan,TJK,"CPIA transparency, accountability, and corruption in the public sector rating (1=low to 6=high)",IQ.CPA.TRAN.XQ,2.5
Tanzania,TZA,"CPIA transparency, accountability, and corruption in the public sector rating (1=low to 6=high)",IQ.CPA.TRAN.XQ,3
Thailand,THA,"CPIA transparency, accountability, and corruption in the public sector rating (1=low to 6=high)",IQ.CPA.TRAN.XQ,..
Timor-Leste,TLS,"CPIA transparency, accountability, and corruption in the public sector rating (1=low to 6=high)",IQ.CPA.TRAN.XQ,2.5
Togo,TGO,"CPIA transparency, accountability, and corruption in the public sector rating (1=low to 6=high)",IQ.CPA.TRAN.XQ,2.5
Tonga,TON,"CPIA transparency, accountability, and corruption in the public sector rating (1=low to 6=high)",IQ.CPA.TRAN.XQ,3.5
Trinidad and Tobago,TTO,"CPIA transparency, accountability, and corruption in the public sector rating (1=low to 6=high)",IQ.CPA.TRAN.XQ,..
Tunisia,TUN,"CPIA transparency, accountability, and corruption in the public sector rating (1=low to 6=high)",IQ.CPA.TRAN.XQ,..
Turkey,TUR,"CPIA transparency, accountability, and corruption in the public sector rating (1=low to 6=high)",IQ.CPA.TRAN.XQ,..
Turkmenistan,TKM,"CPIA transparency, accountability, and corruption in the public sector rating (1=low to 6=high)",IQ.CPA.TRAN.XQ,..
Turks and Caicos Islands,TCA,"CPIA transparency, accountability, and corruption in the public sector rating (1=low to 6=high)",IQ.CPA.TRAN.XQ,..
Tuvalu,TUV,"CPIA transparency, accountability, and corruption in the public sector rating (1=low to 6=high)",IQ.CPA.TRAN.XQ,3
Uganda,UGA,"CPIA transparency, accountability, and corruption in the public sector rating (1=low to 6=high)",IQ.CPA.TRAN.XQ,2
Ukraine,UKR,"CPIA transparency, accountability, and corruption in the public sector rating (1=low to 6=high)",IQ.CPA.TRAN.XQ,..
United Arab Emirates,ARE,"CPIA transparency, accountability, and corruption in the public sector rating (1=low to 6=high)",IQ.CPA.TRAN.XQ,..
United Kingdom,GBR,"CPIA transparency, accountability, and corruption in the public sector rating (1=low to 6=high)",IQ.CPA.TRAN.XQ,..
United States,USA,"CPIA transparency, accountability, and corruption in the public sector rating (1=low to 6=high)",IQ.CPA.TRAN.XQ,..
Uruguay,URY,"CPIA transparency, accountability, and corruption in the public sector rating (1=low to 6=high)",IQ.CPA.TRAN.XQ,..
Uzbekistan,UZB,"CPIA transparency, accountability, and corruption in the public sector rating (1=low to 6=high)",IQ.CPA.TRAN.XQ,2
Vanuatu,VUT,"CPIA transparency, accountability, and corruption in the public sector rating (1=low to 6=high)",IQ.CPA.TRAN.XQ,3.5
"Venezuela, RB",VEN,"CPIA transparency, accountability, and corruption in the public sector rating (1=low to 6=high)",IQ.CPA.TRAN.XQ,..
Vietnam,VNM,"CPIA transparency, accountability, and corruption in the public sector rating (1=low to 6=high)",IQ.CPA.TRAN.XQ,3
Virgin Islands (U.S.),VIR,"CPIA transparency, accountability, and corruption in the public sector rating (1=low to 6=high)",IQ.CPA.TRAN.XQ,..
West Bank and Gaza,PSE,"CPIA transparency, accountability, and corruption in the public sector rating (1=low to 6=high)",IQ.CPA.TRAN.XQ,..
"Yemen, Rep.",YEM,"CPIA transparency, accountability, and corruption in the public sector rating (1=low to 6=high)",IQ.CPA.TRAN.XQ,2
Zambia,ZMB,"CPIA transparency, accountability, and corruption in the public sector rating (1=low to 6=high)",IQ.CPA.TRAN.XQ,3
Zimbabwe,ZWE,"CPIA transparency, accountability, and corruption in the public sector rating (1=low to 6=high)",IQ.CPA.TRAN.XQ,1.5
,,,,
,,,,
,,,,
Data from database: World Development Indicators,,,,
Last Updated: 02/17/2021,,,,
